 {
	"display":{
		"icon": {
            "item": "minecraft:clock"
        },
        "title": {
            "text": "Good Choice"
        },
        "description": ["",{"text":"Ah I See You've Chosen A Good Place To Play"},{"text":"\nELECTICITY","color":"dark_gray","italic":true}],
		"frame": "task"
	},
	"parent":"PixelCraft:ELECTICITY/root",
	"criteria":{
		"mine_quartz": {
               "trigger": "minecraft:impossible"
           }
       }
   },
	"rewards": {
		"function":"PixelCraft:You_Did_It"
	}
}
