 {
	"display":{
		"icon": {
            "item": "minecraft:planks"
        },
        "title": {
            "text": "Well Then"
        },
        "description": ["",{"text":"I Wonder Who Sunk This"},{"text":"\nMapleSquid","color":"dark_gray","italic":true}],
		"frame": "task"
	},
	"parent":"PixelCraft:MapleSquid/NiceView",
	"criteria":{
		"mine_coal": {
               "trigger": "minecraft:impossible"
           }
       }
   },
	"rewards": {
		"function":"PixelCraft:You_Did_It"
	}
}
