 {
	"display":{
		"icon": {
            "item": "minecraft:rotten_flesh"
        },
        "title": {
            "text": "Why Does This Place Smell"
        },
        "description": ["",{"text":"Oh Thats Why"},{"text":"\nMapleSquid","color":"dark_gray","italic":true}],
		"frame": "task"
	},
	"parent":"PixelCraft:MapleSquid/ThisIsUneyeing",
	"criteria":{
		"mine_coal": {
               "trigger": "minecraft:impossible"
           }
       }
   },
	"rewards": {
		"function":"PixelCraft:You_Did_It"
	}
}
