{
    "display": {
        "icon": {
            "item": "minecraft:skull",
			"data": 3
        },
        "title": {
            "text":"midna_87"
        },
        "description": {
            "text": "midna_87's Challenges"
        },
        "show_toast": false,
        "announce_to_chat": false
    },
	"parent":"PixelCraft:root",
    "criteria": {
        "empty": {
            "trigger": "minecraft:location"
		}
	},
	"rewards": {
		"function":"PixelCraft:start_midna_87"
	}
}