 {
	"display":{
		"icon": {
            "item": "minecraft:skull"
        },
        "title": {
            "text": "The Undead Fleat 222"
        },
        "description": ["",{"text":"This is Your 222ed Death, Run Its The 222 Undead Fleat"},{"text":"\nmidna_87","color":"dark_gray","italic":true}],
		"frame": "task"
	},
	"parent":"PixelCraft:midna_87/HowToDie101",
	"criteria":{
		"die1": {
               "trigger": "minecraft:impossible"
           }
       }
   },
	"rewards": {
		"function":"PixelCraft:You_Did_It"
	}
}
