 {
	"display":{
		"icon": {
            "item": "minecraft:skull",
			"data": 2
        },
        "title": {
            "text": "222 Fleat Leader"
        },
        "description": ["",{"text":"Run Its The 222 Fleat Leader!!!"},{"text":"\nBest_InThe_Lobby","color":"dark_gray","italic":true}],
		"frame": "task"
	},
	"parent":"PixelCraft:Best_InThe_Lobby/HowToKill101",
	"criteria":{
		"die1": {
               "trigger": "minecraft:impossible"
           }
       }
   },
	"rewards": {
		"function":"PixelCraft:You_Did_It"
	}
}
