 {
	"display":{
		"icon": {
            "item": "minecraft:skull",
			"data": 2
        },
        "title": {
            "text": "H2K 101"
        },
        "description": ["",{"text":"Welcome To How To Kill 101 ;)"},{"text":"\nBest_InThe_Lobby","color":"dark_gray","italic":true}],
		"frame": "task"
	},
	"parent":"PixelCraft:Best_InThe_Lobby/64Kills",
	"criteria":{
		"die1": {
               "trigger": "minecraft:impossible"
           }
       }
   },
	"rewards": {
		"function":"PixelCraft:You_Did_It"
	}
}
