{
  "pixelcraft:general/a_true_pixel": {
    "criteria": {
      "start_midna_87": "2018-07-08 06:50:28 -0700",
      "start_maplesquid": "2018-07-08 06:50:28 -0700",
      "start_herobrain_gamer": "2018-07-08 06:50:28 -0700",
      "start_pixelcraft": "2018-07-08 06:50:28 -0700",
      "start_general": "2018-07-08 06:50:28 -0700",
      "start_best_inthe_lobby": "2018-07-08 06:50:28 -0700",
      "start_electicty": "2018-07-08 06:50:28 -0700",
      "start_iruka77": "2018-07-08 06:50:28 -0700",
      "start_skypixels21": "2018-07-08 06:50:28 -0700",
      "start_grassfang99": "2018-07-08 06:50:28 -0700"
    },
    "done": false
  },
  "minecraft:recipes/transportation/dark_oak_boat": {
    "criteria": {
      "entered_water": "2018-07-08 06:50:35 -0700"
    },
    "done": true
  },
  "pixelcraft:herobrain_gamer/root": {
    "criteria": {
      "empty": "2018-07-08 06:50:30 -0700"
    },
    "done": true
  },
  "minecraft:recipes/transportation/birch_boat": {
    "criteria": {
      "entered_water": "2018-07-08 06:50:35 -0700"
    },
    "done": true
  },
  "pixelcraft:best_inthe_lobby/root": {
    "criteria": {
      "empty": "2018-07-08 06:50:30 -0700"
    },
    "done": true
  },
  "minecraft:recipes/transportation/acacia_boat": {
    "criteria": {
      "entered_water": "2018-07-08 06:50:35 -0700"
    },
    "done": true
  },
  "pixelcraft:grassfang99/root": {
    "criteria": {
      "empty": "2018-07-08 06:50:30 -0700"
    },
    "done": true
  },
  "pixelcraft:maplesquid/root": {
    "criteria": {
      "empty": "2018-07-08 06:50:30 -0700"
    },
    "done": true
  },
  "minecraft:recipes/transportation/boat": {
    "criteria": {
      "entered_water": "2018-07-08 06:50:35 -0700"
    },
    "done": true
  },
  "pixelcraft:root": {
    "criteria": {
      "instant": "2018-07-08 06:50:28 -0700"
    },
    "done": true
  },
  "minecraft:recipes/transportation/jungle_boat": {
    "criteria": {
      "entered_water": "2018-07-08 06:50:35 -0700"
    },
    "done": true
  },
  "pixelcraft:skypixels21/root": {
    "criteria": {
      "empty": "2018-07-08 06:50:30 -0700"
    },
    "done": true
  },
  "minecraft:recipes/transportation/spruce_boat": {
    "criteria": {
      "entered_water": "2018-07-08 06:50:35 -0700"
    },
    "done": true
  },
  "pixelcraft:midna_87/root": {
    "criteria": {
      "empty": "2018-07-08 06:50:30 -0700"
    },
    "done": true
  },
  "pixelcraft:electicity/root": {
    "criteria": {
      "empty": "2018-07-08 06:50:30 -0700"
    },
    "done": true
  },
  "pixelcraft:iruka77/root": {
    "criteria": {
      "empty": "2018-07-08 06:50:30 -0700"
    },
    "done": true
  },
  "minecraft:adventure/adventuring_time": {
    "criteria": {
      "forest": "2018-07-08 06:50:30 -0700"
    },
    "done": false
  }
}