{
	"display":{
		"icon": {
            "item": "minecraft:grass"
        },
        "title": {
            "text": "Things & Stuff"
        },
        "description": {
            "text": "You Figure It Out!"
        },
		"frame":"challenge"
	},
	"parent":"PixelCraft:general/a_true_pixel",
	
	"criteria":{
		"place_stone":{
			"trigger":"minecraft:placed_block",
		   "conditions":{
			  "block":"minecraft:stone",
				"state" : {
					"variant":"stone"
				}
			}
		},
		"place_granite":{
			"trigger":"minecraft:placed_block",
		   "conditions":{
			  "block":"minecraft:stone",
				"state" : {
					"variant":"granite"
				}
			}
		},
		"place_smooth_granite":{
			"trigger":"minecraft:placed_block",
		   "conditions":{
			  "block":"minecraft:stone",
				"state" : {
					"variant":"smooth_granite"
				}
			}
		},
		"place_diorite":{
			"trigger":"minecraft:placed_block",
		   "conditions":{
			  "block":"minecraft:stone",
				"state" : {
					"variant":"diorite"
				}
			}
		},
		"place_smooth_diorite":{
			"trigger":"minecraft:placed_block",
		   "conditions":{
			  "block":"minecraft:stone",
				"state" : {
					"variant":"smooth_diorite"
				}
			}
		},
		"place_andesite":{
			"trigger":"minecraft:placed_block",
		   "conditions":{
			  "block":"minecraft:stone",
				"state" : {
					"variant":"andesite"
				}
			}
		},
		"place_smooth_andesite":{
			"trigger":"minecraft:placed_block",
		   "conditions":{
			  "block":"minecraft:stone",
				"state" : {
					"variant":"smooth_andesite"
				}
			}
		},
		"place_grass":{
		   "trigger":"minecraft:placed_block",
		   "conditions":{
			  "block":"minecraft:grass"
		   }
		},
		"place_dirt":{
		   "trigger":"minecraft:placed_block",
		   "conditions":{
			  "block":"minecraft:dirt",
				"state" : {
					"variant":"dirt"
				}
		   }
		},
		"place_coarse_dirt":{
		   "trigger":"minecraft:placed_block",
		   "conditions":{
			  "block":"minecraft:dirt",
				"state" : {
					"variant":"coarse_dirt"
				}
		   }
		},
		"place_podzol":{
		   "trigger":"minecraft:placed_block",
		   "conditions":{
			  "block":"minecraft:dirt",
				"state" : {
					"variant":"podzol"
				}
		   }
		},
		"place_cobblestone":{
		   "trigger":"minecraft:placed_block",
		   "conditions":{
			  "block":"minecraft:cobblestone"
		   }
		},
		"place_oak_planks":{
		   "trigger":"minecraft:placed_block",
		   "conditions":{
			  "block":"minecraft:planks",
				"state" : {
					"variant":"oak"
				}
		   }
		},
		"place_spruce_planks":{
		   "trigger":"minecraft:placed_block",
		   "conditions":{
			  "block":"minecraft:planks",
				"state" : {
					"variant":"spruce"
				}
		   }
		},
		"place_birch_planks":{
		   "trigger":"minecraft:placed_block",
		   "conditions":{
			  "block":"minecraft:planks",
				"state" : {
					"variant":"birch"
				}
		   }
		},
		"place_jungle_planks":{
		   "trigger":"minecraft:placed_block",
		   "conditions":{
			  "block":"minecraft:planks",
				"state" : {
					"variant":"jungle"
				}
		   }
		},
		"place_acacia_planks":{
		   "trigger":"minecraft:placed_block",
		   "conditions":{
			  "block":"minecraft:planks",
				"state" : {
					"variant":"acacia"
				}
		   }
		},
		"place_dark_oak_planks":{
		   "trigger":"minecraft:placed_block",
		   "conditions":{
			  "block":"minecraft:planks",
				"state" : {
					"variant":"dark_oak"
				}
		   }
		},
		"place_oak_sapling":{
		   "trigger":"minecraft:placed_block",
		   "conditions":{
			  "block":"minecraft:sapling",
				"state" : {
					"type":"oak"
				}
		   }
		},
		"place_spruce_sapling":{
		   "trigger":"minecraft:placed_block",
		   "conditions":{
			  "block":"minecraft:sapling",
				"state" : {
					"type":"spruce"
				}
		   }
		},
		"place_birch_sapling":{
		   "trigger":"minecraft:placed_block",
		   "conditions":{
			  "block":"minecraft:sapling",
				"state" : {
					"type":"birch"
				}
		   }
		},
		"place_jungle_sapling":{
		   "trigger":"minecraft:placed_block",
		   "conditions":{
			  "block":"minecraft:sapling",
				"state" : {
					"type":"jungle"
				}
		   }
		},
		"place_acacia_sapling":{
		   "trigger":"minecraft:placed_block",
		   "conditions":{
			  "block":"minecraft:sapling",
				"state" : {
					"type":"acacia"
				}
		   }
		},
		"place_dark_oak_sapling":{
		   "trigger":"minecraft:placed_block",
		   "conditions":{
			  "block":"minecraft:sapling",
				"state" : {
					"type":"dark_oak"
				}
		   }
		},
		"place_flowing_water":{
		   "trigger":"minecraft:placed_block",
		   "conditions":{
			  "block":"minecraft:flowing_water"
		   }
		},
		"place_flowing_lava":{
		   "trigger":"minecraft:placed_block",
		   "conditions":{
			  "block":"minecraft:flowing_lava"
		   }
		},
		"place_sand":{
		   "trigger":"minecraft:placed_block",
		   "conditions":{
			  "block":"minecraft:sand",
				"state" : {
					"variant":"sand"
				}
		   }
		},
		"place_red_sand":{
		   "trigger":"minecraft:placed_block",
		   "conditions":{
			  "block":"minecraft:sand",
				"state" : {
					"variant":"red_sand"
				}
		   }
		},
		"place_gravel":{
		   "trigger":"minecraft:placed_block",
		   "conditions":{
			  "block":"minecraft:gravel"
		   }
		},
		"place_gold_ore":{
		   "trigger":"minecraft:placed_block",
		   "conditions":{
			  "block":"minecraft:gold_ore"
		   }
		},
		"place_iron_ore":{
		   "trigger":"minecraft:placed_block",
		   "conditions":{
			  "block":"minecraft:iron_ore"
		   }
		},
		"place_coal_ore":{
		   "trigger":"minecraft:placed_block",
		   "conditions":{
			  "block":"minecraft:coal_ore"
		   }
		},
		"place_oak_log":{
		   "trigger":"minecraft:placed_block",
		   "conditions":{
			  "block":"minecraft:log",
				"state" : {
					"variant":"oak"
				}
		   }
		},
		"place_spruce_log":{
		   "trigger":"minecraft:placed_block",
		   "conditions":{
			  "block":"minecraft:log",
				"state" : {
					"variant":"spruce"
				}
		   }
		},
		"place_birch_log":{
		   "trigger":"minecraft:placed_block",
		   "conditions":{
			  "block":"minecraft:log",
				"state" : {
					"variant":"birch"
				}
		   }
		},
		"place_jungle_log":{
		   "trigger":"minecraft:placed_block",
		   "conditions":{
			  "block":"minecraft:log",
				"state" : {
					"variant":"jungle"
				}
		   }
		},
		"place_acacia_log":{
		   "trigger":"minecraft:placed_block",
		   "conditions":{
			  "block":"minecraft:log2",
				"state" : {
					"variant":"acacia"
				}
		   }
		},
		"place_dark_oak_log":{
		   "trigger":"minecraft:placed_block",
		   "conditions":{
			  "block":"minecraft:log2",
				"state" : {
					"variant":"dark_oak"
				}
		   }
		},
		"place_oak_leaves":{
		   "trigger":"minecraft:placed_block",
		   "conditions":{
			  "block":"minecraft:leaves",
				"state" : {
					"variant":"oak"
				}
		   }
		},
		"place_spruce_leaves":{
		   "trigger":"minecraft:placed_block",
		   "conditions":{
			  "block":"minecraft:leaves",
				"state" : {
					"variant":"spruce"
				}
		   }
		},
		"place_birch_leaves":{
		   "trigger":"minecraft:placed_block",
		   "conditions":{
			  "block":"minecraft:leaves",
				"state" : {
					"variant":"birch"
				}
		   }
		},
		"place_jungle_leaves":{
		   "trigger":"minecraft:placed_block",
		   "conditions":{
			  "block":"minecraft:leaves",
				"state" : {
					"variant":"jungle"
				}
		   }
		},
		"place_acacia_leaves":{
		   "trigger":"minecraft:placed_block",
		   "conditions":{
			  "block":"minecraft:leaves2",
				"state" : {
					"variant":"acacia"
				}
		   }
		},
		"place_dark_oak_leaves":{
		   "trigger":"minecraft:placed_block",
		   "conditions":{
			  "block":"minecraft:leaves2",
				"state" : {
					"variant":"dark_oak"
				}
		   }
		},
		"place_sponge":{
		   "trigger":"minecraft:placed_block",
		   "conditions":{
			  "block":"minecraft:sponge",
				"state" : {
					"wet":false
				}
		   }
		},
		"place_wet_sponge":{
		   "trigger":"minecraft:placed_block",
		   "conditions":{
			  "block":"minecraft:sponge",
				"state" : {
					"wet":true
				}
		   }
		},
		"place_glass":{
		   "trigger":"minecraft:placed_block",
		   "conditions":{
			  "block":"minecraft:glass"
		   }
		},
		"place_lapis_ore":{
		   "trigger":"minecraft:placed_block",
		   "conditions":{
			  "block":"minecraft:lapis_ore"
		   }
		},
		"place_lapis_block":{
		   "trigger":"minecraft:placed_block",
		   "conditions":{
			  "block":"minecraft:lapis_block"
		   }
		},
		"place_dispenser":{
		   "trigger":"minecraft:placed_block",
		   "conditions":{
			  "block":"minecraft:dispenser"
		   }
		},
		"place_sandstone":{
		   "trigger":"minecraft:placed_block",
		   "conditions":{
			  "block":"minecraft:sandstone",
				"state" : {
					"type":"sandstone"
				}
		   }
		},
		"place_chiseled_sandstone":{
		   "trigger":"minecraft:placed_block",
		   "conditions":{
			  "block":"minecraft:sandstone",
				"state" : {
					"type":"chiseled_sandstone"
				}
		   }
		},
		"place_smooth_sandstone":{
		   "trigger":"minecraft:placed_block",
		   "conditions":{
			  "block":"minecraft:sandstone",
				"state" : {
					"type":"smooth_sandstone"
				}
		   }
		},
		"place_noteblock":{
		   "trigger":"minecraft:placed_block",
		   "conditions":{
			  "block":"minecraft:noteblock"
		   }
		},
		"place_white_bed":{
		   "trigger":"minecraft:placed_block",
		   "conditions":{
			  "item": {
				"item":"minecraft:bed",
				"data":0
			  }
		   }
		},
		"place_orange_bed":{
		   "trigger":"minecraft:placed_block",
		   "conditions":{
			  "item": {
				"item":"minecraft:bed",
				"data":1
			  }
		   }
		},
		"place_magenta_bed":{
		   "trigger":"minecraft:placed_block",
		   "conditions":{
			  "item": {
				"item":"minecraft:bed",
				"data":2
			  }
		   }
		},
		"place_light_blue_bed":{
		   "trigger":"minecraft:placed_block",
		   "conditions":{
			  "item": {
				"item":"minecraft:bed",
				"data":3
			  }
		   }
		},
		"place_yellow_bed":{
		   "trigger":"minecraft:placed_block",
		   "conditions":{
			  "item": {
				"item":"minecraft:bed",
				"data":4
			  }
		   }
		},
		"place_lime_bed":{
		   "trigger":"minecraft:placed_block",
		   "conditions":{
			  "item": {
				"item":"minecraft:bed",
				"data":5
			  }
		   }
		},
		"place_pink_bed":{
		   "trigger":"minecraft:placed_block",
		   "conditions":{
			  "item": {
				"item":"minecraft:bed",
				"data":6
			  }
		   }
		},
		"place_gray_bed":{
		   "trigger":"minecraft:placed_block",
		   "conditions":{
			  "item": {
				"item":"minecraft:bed",
				"data":7
			  }
		   }
		},
		"place_silver_bed":{
		   "trigger":"minecraft:placed_block",
		   "conditions":{
			  "item": {
				"item":"minecraft:bed",
				"data":8
			  }
		   }
		},
		"place_cyan_bed":{
		   "trigger":"minecraft:placed_block",
		   "conditions":{
			  "item": {
				"item":"minecraft:bed",
				"data":9
			  }
		   }
		},
		"place_purple_bed":{
		   "trigger":"minecraft:placed_block",
		   "conditions":{
			  "item": {
				"item":"minecraft:bed",
				"data":10
			  }
		   }
		},
		"place_blue_bed":{
		   "trigger":"minecraft:placed_block",
		   "conditions":{
			  "item": {
				"item":"minecraft:bed",
				"data":11
			  }
		   }
		},
		"place_brown_bed":{
		   "trigger":"minecraft:placed_block",
		   "conditions":{
			  "item": {
				"item":"minecraft:bed",
				"data":12
			  }
		   }
		},
		"place_green_bed":{
		   "trigger":"minecraft:placed_block",
		   "conditions":{
			  "item": {
				"item":"minecraft:bed",
				"data":13
			  }
		   }
		},
		"place_red_bed":{
		   "trigger":"minecraft:placed_block",
		   "conditions":{
			  "item": {
				"item":"minecraft:bed",
				"data":14
			  }
		   }
		},
		"place_black_bed":{
		   "trigger":"minecraft:placed_block",
		   "conditions":{
			  "item": {
				"item":"minecraft:bed",
				"data":15
			  }
		   }
		},
		"place_golden_rail":{
		   "trigger":"minecraft:placed_block",
		   "conditions":{
			  "block":"minecraft:golden_rail"
		   }
		},
		"place_detector_rail":{
		   "trigger":"minecraft:placed_block",
		   "conditions":{
			  "block":"minecraft:detector_rail"
		   }
		},
		"place_sticky_piston":{
		   "trigger":"minecraft:placed_block",
		   "conditions":{
			  "block":"minecraft:sticky_piston"
		   }
		},
		"place_web":{
		   "trigger":"minecraft:placed_block",
		   "conditions":{
			  "block":"minecraft:web"
		   }
		},
		"place_tallgrass":{
		   "trigger":"minecraft:placed_block",
		   "conditions":{
			  "block":"minecraft:tallgrass",
				"state" : {
					"type":"tall_grass"
				}
		   }
		},
		"place_tallgrass":{
		   "trigger":"minecraft:placed_block",
		   "conditions":{
			  "block":"minecraft:tallgrass",
				"state" : {
					"type":"fern"
				}
		   }
		},
		"place_deadbush":{
		   "trigger":"minecraft:placed_block",
		   "conditions":{
			  "block":"minecraft:deadbush"
		   }
		},
		"place_piston":{
		   "trigger":"minecraft:placed_block",
		   "conditions":{
			  "block":"minecraft:piston"
		   }
		},
		"place_white_wool":{
		   "trigger":"minecraft:placed_block",
		   "conditions":{
			  "block":"minecraft:wool",
				"state" : {
					"color":"white"
				}
		   }
		},
		"place_orange_wool":{
		   "trigger":"minecraft:placed_block",
		   "conditions":{
			  "block":"minecraft:wool",
				"state" : {
					"color":"orange"
				}
		   }
		},
		"place_magenta_wool":{
		   "trigger":"minecraft:placed_block",
		   "conditions":{
			  "block":"minecraft:wool",
				"state" : {
					"color":"magenta"
				}
		   }
		},
		"place_light_blue_wool":{
		   "trigger":"minecraft:placed_block",
		   "conditions":{
			  "block":"minecraft:wool",
				"state" : {
					"color":"light_blue"
				}
		   }
		},
		"place_yellow_wool":{
		   "trigger":"minecraft:placed_block",
		   "conditions":{
			  "block":"minecraft:wool",
				"state" : {
					"color":"yellow"
				}
		   }
		},
		"place_lime_wool":{
		   "trigger":"minecraft:placed_block",
		   "conditions":{
			  "block":"minecraft:wool",
				"state" : {
					"color":"lime"
				}
		   }
		},
		"place_pink_wool":{
		   "trigger":"minecraft:placed_block",
		   "conditions":{
			  "block":"minecraft:wool",
				"state" : {
					"color":"pink"
				}
		   }
		},
		"place_gray_wool":{
		   "trigger":"minecraft:placed_block",
		   "conditions":{
			  "block":"minecraft:wool",
				"state" : {
					"color":"gray"
				}
		   }
		},
		"place_silver_wool":{
		   "trigger":"minecraft:placed_block",
		   "conditions":{
			  "block":"minecraft:wool",
				"state" : {
					"color":"silver"
				}
		   }
		},
		"place_cyan_wool":{
		   "trigger":"minecraft:placed_block",
		   "conditions":{
			  "block":"minecraft:wool",
				"state" : {
					"color":"cyan"
				}
		   }
		},
		"place_purple_wool":{
		   "trigger":"minecraft:placed_block",
		   "conditions":{
			  "block":"minecraft:wool",
				"state" : {
					"color":"purple"
				}
		   }
		},
		"place_blue_wool":{
		   "trigger":"minecraft:placed_block",
		   "conditions":{
			  "block":"minecraft:wool",
				"state" : {
					"color":"blue"
				}
		   }
		},
		"place_brown_wool":{
		   "trigger":"minecraft:placed_block",
		   "conditions":{
			  "block":"minecraft:wool",
				"state" : {
					"color":"brown"
				}
		   }
		},
		"place_green_wool":{
		   "trigger":"minecraft:placed_block",
		   "conditions":{
			  "block":"minecraft:wool",
				"state" : {
					"color":"green"
				}
		   }
		},
		"place_red_wool":{
		   "trigger":"minecraft:placed_block",
		   "conditions":{
			  "block":"minecraft:wool",
				"state" : {
					"color":"red"
				}
		   }
		},
		"place_black_wool":{
		   "trigger":"minecraft:placed_block",
		   "conditions":{
			  "block":"minecraft:wool",
				"state" : {
					"color":"black"
				}
		   }
		},
		"place_yellow_flower":{
		   "trigger":"minecraft:placed_block",
		   "conditions":{
			  "block":"minecraft:yellow_flower"
		   }
		},
		"place_poppy":{
		   "trigger":"minecraft:placed_block",
		   "conditions":{
			  "block":"minecraft:red_flower",
				"state" : {
					"type":"poppy"
				}
		   }
		},
		"place_blue_orchid":{
		   "trigger":"minecraft:placed_block",
		   "conditions":{
			  "block":"minecraft:red_flower",
				"state" : {
					"type":"blue_orchid"
				}
		   }
		},
		"place_allium":{
		   "trigger":"minecraft:placed_block",
		   "conditions":{
			  "block":"minecraft:red_flower",
				"state" : {
					"type":"allium"
				}
		   }
		},
		"place_houstonia":{
		   "trigger":"minecraft:placed_block",
		   "conditions":{
			  "block":"minecraft:red_flower",
				"state" : {
					"type":"houstonia"
				}
		   }
		},
		"place_red_tulip":{
		   "trigger":"minecraft:placed_block",
		   "conditions":{
			  "block":"minecraft:red_flower",
				"state" : {
					"type":"red_tulip"
				}
		   }
		},
		"place_orange_tulip":{
		   "trigger":"minecraft:placed_block",
		   "conditions":{
			  "block":"minecraft:red_flower",
				"state" : {
					"type":"orange_tulip"
				}
		   }
		},
		"place_white_tulip":{
		   "trigger":"minecraft:placed_block",
		   "conditions":{
			  "block":"minecraft:red_flower",
				"state" : {
					"type":"white_tulip"
				}
		   }
		},
		"place_pink_tulip":{
		   "trigger":"minecraft:placed_block",
		   "conditions":{
			  "block":"minecraft:red_flower",
				"state" : {
					"type":"pink_tulip"
				}
		   }
		},
		"place_oxeye_daisy":{
		   "trigger":"minecraft:placed_block",
		   "conditions":{
			  "block":"minecraft:red_flower",
				"state" : {
					"type":"oxeye_daisy"
				}
		   }
		},
		"place_brown_mushroom":{
		   "trigger":"minecraft:placed_block",
		   "conditions":{
			  "block":"minecraft:brown_mushroom"
		   }
		},
		"place_red_mushroom":{
		   "trigger":"minecraft:placed_block",
		   "conditions":{
			  "block":"minecraft:red_mushroom"
		   }
		},
		"place_gold_block":{
		   "trigger":"minecraft:placed_block",
		   "conditions":{
			  "block":"minecraft:gold_block"
		   }
		},
		"place_iron_block":{
		   "trigger":"minecraft:placed_block",
		   "conditions":{
			  "block":"minecraft:iron_block"
		   }
		},
		"place_double_stone_slab":{
		   "trigger":"minecraft:placed_block",
		   "conditions":{
			  "block":"minecraft:double_stone_slab",
				"state" : {
					"variant":"stone"
				}
		   }
		},
		"place_double_sandstone_slab":{
		   "trigger":"minecraft:placed_block",
		   "conditions":{
			  "block":"minecraft:double_stone_slab",
				"state" : {
					"variant":"sandstone"
				}
		   }
		},
		"place_double_cobblestone_slab":{
		   "trigger":"minecraft:placed_block",
		   "conditions":{
			  "block":"minecraft:double_stone_slab",
				"state" : {
					"variant":"cobblestone"
				}
		   }
		},
		"place_double_brick_slab":{
		   "trigger":"minecraft:placed_block",
		   "conditions":{
			  "block":"minecraft:double_stone_slab",
				"state" : {
					"variant":"brick"
				}
		   }
		},
		"place_double_stone_brick_slab":{
		   "trigger":"minecraft:placed_block",
		   "conditions":{
			  "block":"minecraft:double_stone_slab",
				"state" : {
					"variant":"stone_brick"
				}
		   }
		},
		"place_double_nether_brick_slab":{
		   "trigger":"minecraft:placed_block",
		   "conditions":{
			  "block":"minecraft:double_stone_slab",
				"state" : {
					"variant":"nether_brick"
				}
		   }
		},
		"place_double_quartz_slab":{
		   "trigger":"minecraft:placed_block",
		   "conditions":{
			  "block":"minecraft:double_stone_slab",
				"state" : {
					"variant":"quartz"
				}
		   }
		},
		"place_stone_slab":{
		   "trigger":"minecraft:placed_block",
		   "conditions":{
			  "block":"minecraft:stone_slab",
				"state" : {
					"variant":"stone"
				}
		   }
		},
		"place_sandstone_slab":{
		   "trigger":"minecraft:placed_block",
		   "conditions":{
			  "block":"minecraft:stone_slab",
				"state" : {
					"variant":"sandstone"
				}
		   }
		},
		"place_cobblestone_slab":{
		   "trigger":"minecraft:placed_block",
		   "conditions":{
			  "block":"minecraft:stone_slab",
				"state" : {
					"variant":"cobblestone"
				}
		   }
		},
		"place_brick_slab":{
		   "trigger":"minecraft:placed_block",
		   "conditions":{
			  "block":"minecraft:stone_slab",
				"state" : {
					"variant":"brick"
				}
		   }
		},
		"place_stone_brick_slab":{
		   "trigger":"minecraft:placed_block",
		   "conditions":{
			  "block":"minecraft:stone_slab",
				"state" : {
					"variant":"stone_brick"
				}
		   }
		},
		"place_nether_brick_slab":{
		   "trigger":"minecraft:placed_block",
		   "conditions":{
			  "block":"minecraft:stone_slab",
				"state" : {
					"variant":"nether_brick"
				}
		   }
		},
		"place_quartz_slab":{
		   "trigger":"minecraft:placed_block",
		   "conditions":{
			  "block":"minecraft:stone_slab",
				"state" : {
					"variant":"quartz"
				}
		   }
		},
		"place_brick_block":{
		   "trigger":"minecraft:placed_block",
		   "conditions":{
			  "block":"minecraft:brick_block"
		   }
		},
		"place_tnt":{
		   "trigger":"minecraft:placed_block",
		   "conditions":{
			  "block":"minecraft:tnt"
		   }
		},
		"place_bookshelf":{
		   "trigger":"minecraft:placed_block",
		   "conditions":{
			  "block":"minecraft:bookshelf"
		   }
		},
		"place_mossy_cobblestone":{
		   "trigger":"minecraft:placed_block",
		   "conditions":{
			  "block":"minecraft:mossy_cobblestone"
		   }
		},
		"place_obsidian":{
		   "trigger":"minecraft:placed_block",
		   "conditions":{
			  "block":"minecraft:obsidian"
		   }
		},
		"place_torch":{
		   "trigger":"minecraft:placed_block",
		   "conditions":{
			  "block":"minecraft:torch"
		   }
		},
		"place_oak_stairs":{
		   "trigger":"minecraft:placed_block",
		   "conditions":{
			  "block":"minecraft:oak_stairs"
		   }
		},
		"place_chest":{
		   "trigger":"minecraft:placed_block",
		   "conditions":{
			  "block":"minecraft:chest"
		   }
		},
		"place_redstone_wire":{
		   "trigger":"minecraft:placed_block",
		   "conditions":{
			  "block":"minecraft:redstone_wire"
		   }
		},
		"place_diamond_ore":{
		   "trigger":"minecraft:placed_block",
		   "conditions":{
			  "block":"minecraft:diamond_ore"
		   }
		},
		"place_diamond_block":{
		   "trigger":"minecraft:placed_block",
		   "conditions":{
			  "block":"minecraft:diamond_block"
		   }
		},
		"place_crafting_table":{
		   "trigger":"minecraft:placed_block",
		   "conditions":{
			  "block":"minecraft:crafting_table"
		   }
		},
		"place_wheat":{
		   "trigger":"minecraft:placed_block",
		   "conditions":{
			  "block":"minecraft:wheat"
		   }
		},
		"place_furnace":{
		   "trigger":"minecraft:placed_block",
		   "conditions":{
			  "block":"minecraft:furnace"
		   }
		},
		"place_standing_sign":{
		   "trigger":"minecraft:placed_block",
		   "conditions":{
			  "block":"minecraft:standing_sign"
		   }
		},
		"place_fire":{
		   "trigger":"minecraft:placed_block",
		   "conditions":{
			  "block":"minecraft:fire"
		   }
		},
		"place_ladder":{
		   "trigger":"minecraft:placed_block",
		   "conditions":{
			  "block":"minecraft:ladder"
		   }
		},
		"place_rail":{
		   "trigger":"minecraft:placed_block",
		   "conditions":{
			  "block":"minecraft:rail"
		   }
		},
		"place_stone_stairs":{
		   "trigger":"minecraft:placed_block",
		   "conditions":{
			  "block":"minecraft:stone_stairs"
		   }
		},
		"place_wall_sign":{
		   "trigger":"minecraft:placed_block",
		   "conditions":{
			  "block":"minecraft:wall_sign"
		   }
		},
		"place_lever":{
		   "trigger":"minecraft:placed_block",
		   "conditions":{
			  "block":"minecraft:lever"
		   }
		},
		"place_stone_pressure_plate":{
		   "trigger":"minecraft:placed_block",
		   "conditions":{
			  "block":"minecraft:stone_pressure_plate"
		   }
		},
		"place_iron_door":{
		   "trigger":"minecraft:placed_block",
		   "conditions":{
			  "block":"minecraft:iron_door"
		   }
		},
		"place_wooden_pressure_plate":{
		   "trigger":"minecraft:placed_block",
		   "conditions":{
			  "block":"minecraft:wooden_pressure_plate"
		   }
		},
		"place_redstone_ore":{
		   "trigger":"minecraft:placed_block",
		   "conditions":{
			  "block":"minecraft:redstone_ore"
		   }
		},
		"place_redstone_torch":{
		   "trigger":"minecraft:placed_block",
		   "conditions":{
			  "block":"minecraft:redstone_torch"
		   }
		},
		"place_stone_button":{
		   "trigger":"minecraft:placed_block",
		   "conditions":{
			  "block":"minecraft:stone_button"
		   }
		},
		"place_snow_layer":{
		   "trigger":"minecraft:placed_block",
		   "conditions":{
			  "block":"minecraft:snow_layer"
		   }
		},
		"place_ice":{
		   "trigger":"minecraft:placed_block",
		   "conditions":{
			  "block":"minecraft:ice"
		   }
		},
		"place_snow":{
		   "trigger":"minecraft:placed_block",
		   "conditions":{
			  "block":"minecraft:snow"
		   }
		},
		"place_cactus":{
		   "trigger":"minecraft:placed_block",
		   "conditions":{
			  "block":"minecraft:cactus"
		   }
		},
		"place_clay":{
		   "trigger":"minecraft:placed_block",
		   "conditions":{
			  "block":"minecraft:clay"
		   }
		},
		"place_reeds":{
		   "trigger":"minecraft:placed_block",
		   "conditions":{
			  "block":"minecraft:reeds"
		   }
		},
		"place_jukebox":{
		   "trigger":"minecraft:placed_block",
		   "conditions":{
			  "block":"minecraft:jukebox"
		   }
		},
		"place_fence":{
		   "trigger":"minecraft:placed_block",
		   "conditions":{
			  "block":"minecraft:fence"
		   }
		},
		"place_spruce_fence":{
		   "trigger":"minecraft:placed_block",
		   "conditions":{
			  "block":"minecraft:spruce_fence"
		   }
		},
		"place_birch_fence":{
		   "trigger":"minecraft:placed_block",
		   "conditions":{
			  "block":"minecraft:birch_fence"
		   }
		},
		"place_jungle_fence":{
		   "trigger":"minecraft:placed_block",
		   "conditions":{
			  "block":"minecraft:jungle_fence"
		   }
		},
		"place_dark_oak_fence":{
		   "trigger":"minecraft:placed_block",
		   "conditions":{
			  "block":"minecraft:dark_oak_fence"
		   }
		},
		"place_acacia_fence":{
		   "trigger":"minecraft:placed_block",
		   "conditions":{
			  "block":"minecraft:acacia_fence"
		   }
		},
		"place_pumpkin":{
		   "trigger":"minecraft:placed_block",
		   "conditions":{
			  "block":"minecraft:pumpkin"
		   }
		},
		"place_netherrack":{
		   "trigger":"minecraft:placed_block",
		   "conditions":{
			  "block":"minecraft:netherrack"
		   }
		},
		"place_soul_sand":{
		   "trigger":"minecraft:placed_block",
		   "conditions":{
			  "block":"minecraft:soul_sand"
		   }
		},
		"place_glowstone":{
		   "trigger":"minecraft:placed_block",
		   "conditions":{
			  "block":"minecraft:glowstone"
		   }
		},
		"place_lit_pumpkin":{
		   "trigger":"minecraft:placed_block",
		   "conditions":{
			  "block":"minecraft:lit_pumpkin"
		   }
		},
		"place_cake":{
		   "trigger":"minecraft:placed_block",
		   "conditions":{
			  "block":"minecraft:cake"
		   }
		},
		"place_unpowered_repeater":{
		   "trigger":"minecraft:placed_block",
		   "conditions":{
			  "block":"minecraft:unpowered_repeater"
		   }
		},
		"place_trapdoor":{
		   "trigger":"minecraft:placed_block",
		   "conditions":{
			  "block":"minecraft:trapdoor"
		   }
		},
		"place_stonebrick":{
		   "trigger":"minecraft:placed_block",
		   "conditions":{
			  "block":"minecraft:stonebrick",
				"state" : {
					"variant":"stonebrick"
				}
		   }
		},
		"place_mossy_stonebrick":{
		   "trigger":"minecraft:placed_block",
		   "conditions":{
			  "block":"minecraft:stonebrick",
				"state" : {
					"variant":"mossy_stonebrick"
				}
		   }
		},
		"place_cracked_stonebrick":{
		   "trigger":"minecraft:placed_block",
		   "conditions":{
			  "block":"minecraft:stonebrick",
				"state" : {
					"variant":"cracked_stonebrick"
				}
		   }
		},
		"place_chiseled_stonebrick":{
		   "trigger":"minecraft:placed_block",
		   "conditions":{
			  "block":"minecraft:stonebrick",
				"state" : {
					"variant":"chiseled_stonebrick"
				}
		   }
		},
		"place_brown_mushroom_block":{
		   "trigger":"minecraft:placed_block",
		   "conditions":{
			  "block":"minecraft:brown_mushroom_block"
		   }
		},
		"place_red_mushroom_block":{
		   "trigger":"minecraft:placed_block",
		   "conditions":{
			  "block":"minecraft:red_mushroom_block"
		   }
		},
		"place_iron_bars":{
		   "trigger":"minecraft:placed_block",
		   "conditions":{
			  "block":"minecraft:iron_bars"
		   }
		},
		"place_glass_pane":{
		   "trigger":"minecraft:placed_block",
		   "conditions":{
			  "block":"minecraft:glass_pane"
		   }
		},
		"place_melon_block":{
		   "trigger":"minecraft:placed_block",
		   "conditions":{
			  "block":"minecraft:melon_block"
		   }
		},
		"place_pumpkin_stem":{
		   "trigger":"minecraft:placed_block",
		   "conditions":{
			  "block":"minecraft:pumpkin_stem"
		   }
		},
		"place_melon_stem":{
		   "trigger":"minecraft:placed_block",
		   "conditions":{
			  "block":"minecraft:melon_stem"
		   }
		},
		"place_vine":{
		   "trigger":"minecraft:placed_block",
		   "conditions":{
			  "block":"minecraft:vine"
		   }
		},
		"place_fence_gate":{
		   "trigger":"minecraft:placed_block",
		   "conditions":{
			  "block":"minecraft:fence_gate"
		   }
		},
		"place_spruce_fence_gate":{
		   "trigger":"minecraft:placed_block",
		   "conditions":{
			  "block":"minecraft:spruce_fence_gate"
		   }
		},
		"place_birch_fence_gate":{
		   "trigger":"minecraft:placed_block",
		   "conditions":{
			  "block":"minecraft:birch_fence_gate"
		   }
		},
		"place_jungle_fence_gate":{
		   "trigger":"minecraft:placed_block",
		   "conditions":{
			  "block":"minecraft:jungle_fence_gate"
		   }
		},
		"place_dark_oak_fence_gate":{
		   "trigger":"minecraft:placed_block",
		   "conditions":{
			  "block":"minecraft:dark_oak_fence_gate"
		   }
		},
		"place_acacia_fence_gate":{
		   "trigger":"minecraft:placed_block",
		   "conditions":{
			  "block":"minecraft:acacia_fence_gate"
		   }
		},
		"place_brick_stairs":{
		   "trigger":"minecraft:placed_block",
		   "conditions":{
			  "block":"minecraft:brick_stairs"
		   }
		},
		"place_stone_brick_stairs":{
		   "trigger":"minecraft:placed_block",
		   "conditions":{
			  "block":"minecraft:stone_brick_stairs"
		   }
		},
		"place_mycelium":{
		   "trigger":"minecraft:placed_block",
		   "conditions":{
			  "block":"minecraft:mycelium"
		   }
		},
		"place_waterlily":{
		   "trigger":"minecraft:placed_block",
		   "conditions":{
			  "block":"minecraft:waterlily"
		   }
		},
		"place_nether_brick":{
		   "trigger":"minecraft:placed_block",
		   "conditions":{
			  "block":"minecraft:nether_brick"
		   }
		},
		"place_nether_brick_fence":{
		   "trigger":"minecraft:placed_block",
		   "conditions":{
			  "block":"minecraft:nether_brick_fence"
		   }
		},
		"place_nether_brick_stairs":{
		   "trigger":"minecraft:placed_block",
		   "conditions":{
			  "block":"minecraft:nether_brick_stairs"
		   }
		},
		"place_nether_wart":{
		   "trigger":"minecraft:placed_block",
		   "conditions":{
			  "block":"minecraft:nether_wart"
		   }
		},
		"place_enchanting_table":{
		   "trigger":"minecraft:placed_block",
		   "conditions":{
			  "block":"minecraft:enchanting_table"
		   }
		},
		"place_brewing_stand":{
		   "trigger":"minecraft:placed_block",
		   "conditions":{
			  "block":"minecraft:brewing_stand"
		   }
		},
		"place_cauldron":{
		   "trigger":"minecraft:placed_block",
		   "conditions":{
			  "block":"minecraft:cauldron"
		   }
		},
		"place_end_stone":{
		   "trigger":"minecraft:placed_block",
		   "conditions":{
			  "block":"minecraft:end_stone"
		   }
		},
		"place_dragon_egg":{
		   "trigger":"minecraft:placed_block",
		   "conditions":{
			  "block":"minecraft:dragon_egg"
		   }
		},
		"place_redstone_lamp":{
		   "trigger":"minecraft:placed_block",
		   "conditions":{
			  "block":"minecraft:redstone_lamp"
		   }
		},
		"place_double_wooden_oak_slab":{
		   "trigger":"minecraft:placed_block",
		   "conditions":{
			  "block":"minecraft:double_wooden_slab",
				"state" : {
					"variant":"oak"
				}
		   }
		},
		"place_double_wooden_spruce_slab":{
		   "trigger":"minecraft:placed_block",
		   "conditions":{
			  "block":"minecraft:double_wooden_slab",
				"state" : {
					"variant":"spruce"
				}
		   }
		},
		"place_double_wooden_birch_slab":{
		   "trigger":"minecraft:placed_block",
		   "conditions":{
			  "block":"minecraft:double_wooden_slab",
				"state" : {
					"variant":"birch"
				}
		   }
		},
		"place_double_wooden_jungle_slab":{
		   "trigger":"minecraft:placed_block",
		   "conditions":{
			  "block":"minecraft:double_wooden_slab",
				"state" : {
					"variant":"jungle"
				}
		   }
		},
		"place_double_wooden_acacia_slab":{
		   "trigger":"minecraft:placed_block",
		   "conditions":{
			  "block":"minecraft:double_wooden_slab",
				"state" : {
					"variant":"acacia"
				}
		   }
		},
		"place_double_wooden_dark_oak_slab":{
		   "trigger":"minecraft:placed_block",
		   "conditions":{
			  "block":"minecraft:double_wooden_slab",
				"state" : {
					"variant":"dark_oak"
				}
		   }
		},
		"place_wooden_oak_slab":{
		   "trigger":"minecraft:placed_block",
		   "conditions":{
			  "block":"minecraft:wooden_slab",
				"state" : {
					"variant":"oak"
				}
		   }
		},
		"place_wooden_spruce_slab":{
		   "trigger":"minecraft:placed_block",
		   "conditions":{
			  "block":"minecraft:wooden_slab",
				"state" : {
					"variant":"spruce"
				}
		   }
		},
		"place_wooden_birch_slab":{
		   "trigger":"minecraft:placed_block",
		   "conditions":{
			  "block":"minecraft:wooden_slab",
				"state" : {
					"variant":"birch"
				}
		   }
		},
		"place_wooden_jungle_slab":{
		   "trigger":"minecraft:placed_block",
		   "conditions":{
			  "block":"minecraft:wooden_slab",
				"state" : {
					"variant":"jungle"
				}
		   }
		},
		"place_wooden_acacia_slab":{
		   "trigger":"minecraft:placed_block",
		   "conditions":{
			  "block":"minecraft:wooden_slab",
				"state" : {
					"variant":"acacia"
				}
		   }
		},
		"place_wooden_dark_oak_slab":{
		   "trigger":"minecraft:placed_block",
		   "conditions":{
			  "block":"minecraft:wooden_slab",
				"state" : {
					"variant":"dark_oak"
				}
		   }
		},
		"place_sandstone_stairs":{
		   "trigger":"minecraft:placed_block",
		   "conditions":{
			  "block":"minecraft:sandstone_stairs"
		   }
		},
		"place_emerald_ore":{
		   "trigger":"minecraft:placed_block",
		   "conditions":{
			  "block":"minecraft:emerald_ore"
		   }
		},
		"place_ender_chest":{
		   "trigger":"minecraft:placed_block",
		   "conditions":{
			  "block":"minecraft:ender_chest"
		   }
		},
		"place_tripwire_hook":{
		   "trigger":"minecraft:placed_block",
		   "conditions":{
			  "block":"minecraft:tripwire_hook"
		   }
		},
		"place_tripwire":{
		   "trigger":"minecraft:placed_block",
		   "conditions":{
			  "block":"minecraft:tripwire"
		   }
		},
		"place_emerald_block":{
		   "trigger":"minecraft:placed_block",
		   "conditions":{
			  "block":"minecraft:emerald_block"
		   }
		},
		"place_spruce_stairs":{
		   "trigger":"minecraft:placed_block",
		   "conditions":{
			  "block":"minecraft:spruce_stairs"
		   }
		},
		"place_birch_stairs":{
		   "trigger":"minecraft:placed_block",
		   "conditions":{
			  "block":"minecraft:birch_stairs"
		   }
		},
		"place_jungle_stairs":{
		   "trigger":"minecraft:placed_block",
		   "conditions":{
			  "block":"minecraft:jungle_stairs"
		   }
		},
		"place_beacon":{
		   "trigger":"minecraft:placed_block",
		   "conditions":{
			  "block":"minecraft:beacon"
		   }
		},
		"place_cobblestone_wall":{
		   "trigger":"minecraft:placed_block",
		   "conditions":{
			  "block":"minecraft:cobblestone_wall",
				"state" : {
					"variant":"cobblestone"
				}
		   }
		},
		"place_mossy_cobblestone_wall":{
		   "trigger":"minecraft:placed_block",
		   "conditions":{
			  "block":"minecraft:cobblestone_wall",
				"state" : {
					"variant":"mossy_cobblestone"
				}
		   }
		},
		"place_flower_pot":{
		   "trigger":"minecraft:placed_block",
		   "conditions":{
			  "block":"minecraft:flower_pot"
		   }
		},
		"place_wooden_button":{
		   "trigger":"minecraft:placed_block",
		   "conditions":{
			  "block":"minecraft:wooden_button"
		   }
		},
		"place_skull":{
		   "trigger":"minecraft:placed_block",
		   "conditions":{
			  "block":"minecraft:skull"
		   }
		},
		"place_anvil":{
		   "trigger":"minecraft:placed_block",
		   "conditions":{
			  "block":"minecraft:anvil"
		   }
		},
		"place_trapped_chest":{
		   "trigger":"minecraft:placed_block",
		   "conditions":{
			  "block":"minecraft:trapped_chest"
		   }
		},
		"place_light_weighted_pressure_plate":{
		   "trigger":"minecraft:placed_block",
		   "conditions":{
			  "block":"minecraft:light_weighted_pressure_plate"
		   }
		},
		"place_heavy_weighted_pressure_plate":{
		   "trigger":"minecraft:placed_block",
		   "conditions":{
			  "block":"minecraft:heavy_weighted_pressure_plate"
		   }
		},
		"place_unpowered_comparator":{
		   "trigger":"minecraft:placed_block",
		   "conditions":{
			  "block":"minecraft:unpowered_comparator"
		   }
		},
		"place_daylight_detector":{
		   "trigger":"minecraft:placed_block",
		   "conditions":{
			  "block":"minecraft:daylight_detector"
		   }
		},
		"place_redstone_block":{
		   "trigger":"minecraft:placed_block",
		   "conditions":{
			  "block":"minecraft:redstone_block"
		   }
		},
		"place_quartz_ore":{
		   "trigger":"minecraft:placed_block",
		   "conditions":{
			  "block":"minecraft:quartz_ore"
		   }
		},
		"place_hopper":{
		   "trigger":"minecraft:placed_block",
		   "conditions":{
			  "block":"minecraft:hopper"
		   }
		},
		"place_quartz_block":{
		   "trigger":"minecraft:placed_block",
		   "conditions":{
			  "block":"minecraft:quartz_block",
			  "state":{
				"variant":"default"
			  }
		   }
		},
		"place_chiseled_quartz_block":{
		   "trigger":"minecraft:placed_block",
		   "conditions":{
			  "block":"minecraft:quartz_block",
			  "state":{
				"variant":"chiseled"
			  }
		   }
		},
		"place_pillar_quartz_block":{
		   "trigger":"minecraft:placed_block",
		   "conditions":{
			  "block":"minecraft:quartz_block",
			  "item":{
				"item":"minecraft:quartz_block",
				"data":2,
				"nbt":"{display:{Name:\"test\"}}"
			  }
		   }
		},
		"place_quartz_stairs":{
		   "trigger":"minecraft:placed_block",
		   "conditions":{
			  "block":"minecraft:quartz_stairs"
		   }
		},
		"place_activator_rail":{
		   "trigger":"minecraft:placed_block",
		   "conditions":{
			  "block":"minecraft:activator_rail"
		   }
		},
		"place_dropper":{
		   "trigger":"minecraft:placed_block",
		   "conditions":{
			  "block":"minecraft:dropper"
		   }
		},
		"place_white_stained_hardened_clay":{
		   "trigger":"minecraft:placed_block",
		   "conditions":{
			  "block":"minecraft:stained_hardened_clay",
				"state" : {
					"color":"white"
				}
		   }
		},
		"place_orange_stained_hardened_clay":{
		   "trigger":"minecraft:placed_block",
		   "conditions":{
			  "block":"minecraft:stained_hardened_clay",
				"state" : {
					"color":"orange"
				}
		   }
		},
		"place_magenta_stained_hardened_clay":{
		   "trigger":"minecraft:placed_block",
		   "conditions":{
			  "block":"minecraft:stained_hardened_clay",
				"state" : {
					"color":"magenta"
				}
		   }
		},
		"place_light_blue_stained_hardened_clay":{
		   "trigger":"minecraft:placed_block",
		   "conditions":{
			  "block":"minecraft:stained_hardened_clay",
				"state" : {
					"color":"light_blue"
				}
		   }
		},
		"place_yellow_stained_hardened_clay":{
		   "trigger":"minecraft:placed_block",
		   "conditions":{
			  "block":"minecraft:stained_hardened_clay",
				"state" : {
					"color":"yellow"
				}
		   }
		},
		"place_lime_stained_hardened_clay":{
		   "trigger":"minecraft:placed_block",
		   "conditions":{
			  "block":"minecraft:stained_hardened_clay",
				"state" : {
					"color":"lime"
				}
		   }
		},
		"place_pink_stained_hardened_clay":{
		   "trigger":"minecraft:placed_block",
		   "conditions":{
			  "block":"minecraft:stained_hardened_clay",
				"state" : {
					"color":"pink"
				}
		   }
		},
		"place_gray_stained_hardened_clay":{
		   "trigger":"minecraft:placed_block",
		   "conditions":{
			  "block":"minecraft:stained_hardened_clay",
				"state" : {
					"color":"gray"
				}
		   }
		},
		"place_silver_stained_hardened_clay":{
		   "trigger":"minecraft:placed_block",
		   "conditions":{
			  "block":"minecraft:stained_hardened_clay",
				"state" : {
					"color":"silver"
				}
		   }
		},
		"place_cyanstained_hardened_clay":{
		   "trigger":"minecraft:placed_block",
		   "conditions":{
			  "block":"minecraft:stained_hardened_clay",
				"state" : {
					"color":"cyan"
				}
		   }
		},
		"place_purple_stained_hardened_clay":{
		   "trigger":"minecraft:placed_block",
		   "conditions":{
			  "block":"minecraft:stained_hardened_clay",
				"state" : {
					"color":"purple"
				}
		   }
		},
		"place_blue_stained_hardened_clay":{
		   "trigger":"minecraft:placed_block",
		   "conditions":{
			  "block":"minecraft:stained_hardened_clay",
				"state" : {
					"color":"blue"
				}
		   }
		},
		"place_brown_stained_hardened_clay":{
		   "trigger":"minecraft:placed_block",
		   "conditions":{
			  "block":"minecraft:stained_hardened_clay",
				"state" : {
					"color":"brown"
				}
		   }
		},
		"place_green_stained_hardened_clay":{
		   "trigger":"minecraft:placed_block",
		   "conditions":{
			  "block":"minecraft:stained_hardened_clay",
				"state" : {
					"color":"green"
				}
		   }
		},
		"place_red_stained_hardened_clay":{
		   "trigger":"minecraft:placed_block",
		   "conditions":{
			  "block":"minecraft:stained_hardened_clay",
				"state" : {
					"color":"red"
				}
		   }
		},
		"place_black_stained_hardened_clay":{
		   "trigger":"minecraft:placed_block",
		   "conditions":{
			  "block":"minecraft:stained_hardened_clay",
				"state" : {
					"color":"black"
				}
		   }
		},
		"place_iron_trapdoor":{
		   "trigger":"minecraft:placed_block",
		   "conditions":{
			  "block":"minecraft:iron_trapdoor"
		   }
		},
		"place_hay_block":{
		   "trigger":"minecraft:placed_block",
		   "conditions":{
			  "block":"minecraft:hay_block"
		   }
		},
		"place_white_carpet":{
		   "trigger":"minecraft:placed_block",
		   "conditions":{
			  "block":"minecraft:carpet",
				"state" : {
					"color":"white"
				}
		   }
		},
		"place_orange_carpet":{
		   "trigger":"minecraft:placed_block",
		   "conditions":{
			  "block":"minecraft:carpet",
				"state" : {
					"color":"orange"
				}
		   }
		},
		"place_magenta_carpet":{
		   "trigger":"minecraft:placed_block",
		   "conditions":{
			  "block":"minecraft:carpet",
				"state" : {
					"color":"magenta"
				}
		   }
		},
		"place_light_blue_carpet":{
		   "trigger":"minecraft:placed_block",
		   "conditions":{
			  "block":"minecraft:carpet",
				"state" : {
					"color":"light_blue"
				}
		   }
		},
		"place_yellow_carpet":{
		   "trigger":"minecraft:placed_block",
		   "conditions":{
			  "block":"minecraft:carpet",
				"state" : {
					"color":"yellow"
				}
		   }
		},
		"place_lime_carpet":{
		   "trigger":"minecraft:placed_block",
		   "conditions":{
			  "block":"minecraft:carpet",
				"state" : {
					"color":"lime"
				}
		   }
		},
		"place_pink_carpet":{
		   "trigger":"minecraft:placed_block",
		   "conditions":{
			  "block":"minecraft:carpet",
				"state" : {
					"color":"pink"
				}
		   }
		},
		"place_gray_carpet":{
		   "trigger":"minecraft:placed_block",
		   "conditions":{
			  "block":"minecraft:carpet",
				"state" : {
					"color":"gray"
				}
		   }
		},
		"place_silver_carpet":{
		   "trigger":"minecraft:placed_block",
		   "conditions":{
			  "block":"minecraft:carpet",
				"state" : {
					"color":"silver"
				}
		   }
		},
		"place_cyan_carpet":{
		   "trigger":"minecraft:placed_block",
		   "conditions":{
			  "block":"minecraft:carpet",
				"state" : {
					"color":"cyan"
				}
		   }
		},
		"place_purple_carpet":{
		   "trigger":"minecraft:placed_block",
		   "conditions":{
			  "block":"minecraft:carpet",
				"state" : {
					"color":"purple"
				}
		   }
		},
		"place_blue_carpet":{
		   "trigger":"minecraft:placed_block",
		   "conditions":{
			  "block":"minecraft:carpet",
				"state" : {
					"color":"blue"
				}
		   }
		},
		"place_brown_carpet":{
		   "trigger":"minecraft:placed_block",
		   "conditions":{
			  "block":"minecraft:carpet",
				"state" : {
					"color":"brown"
				}
		   }
		},
		"place_green_carpet":{
		   "trigger":"minecraft:placed_block",
		   "conditions":{
			  "block":"minecraft:carpet",
				"state" : {
					"color":"green"
				}
		   }
		},
		"place_red_carpet":{
		   "trigger":"minecraft:placed_block",
		   "conditions":{
			  "block":"minecraft:carpet",
				"state" : {
					"color":"red"
				}
		   }
		},
		"place_black_carpet":{
		   "trigger":"minecraft:placed_block",
		   "conditions":{
			  "block":"minecraft:carpet",
				"state" : {
					"color":"black"
				}
		   }
		},
		"place_hardened_clay":{
		   "trigger":"minecraft:placed_block",
		   "conditions":{
			  "block":"minecraft:hardened_clay"
		   }
		},
		"place_coal_block":{
		   "trigger":"minecraft:placed_block",
		   "conditions":{
			  "block":"minecraft:coal_block"
		   }
		},
		"place_packed_ice":{
		   "trigger":"minecraft:placed_block",
		   "conditions":{
			  "block":"minecraft:packed_ice"
		   }
		},
		"place_acacia_stairs":{
		   "trigger":"minecraft:placed_block",
		   "conditions":{
			  "block":"minecraft:acacia_stairs"
		   }
		},
		"place_dark_oak_stairs":{
		   "trigger":"minecraft:placed_block",
		   "conditions":{
			  "block":"minecraft:dark_oak_stairs"
		   }
		},
		"place_slime":{
		   "trigger":"minecraft:placed_block",
		   "conditions":{
			  "block":"minecraft:slime"
		   }
		},
		"place_sunflower":{
		   "trigger":"minecraft:placed_block",
		   "conditions":{
			  "block":"minecraft:double_plant",
				"state" : {
					"variant":"sunflower"
				}
		   }
		},
		"place_syringa":{
		   "trigger":"minecraft:placed_block",
		   "conditions":{
			  "block":"minecraft:double_plant",
				"state" : {
					"variant":"syringa"
				}
		   }
		},
		"place_double_rose":{
		   "trigger":"minecraft:placed_block",
		   "conditions":{
			  "block":"minecraft:double_plant",
				"state" : {
					"variant":"double_rose"
				}
		   }
		},
		"place_paeonia":{
		   "trigger":"minecraft:placed_block",
		   "conditions":{
			  "block":"minecraft:double_plant",
				"state" : {
					"variant":"paeonia"
				}
		   }
		},
		"place_white_stained_glass":{
		   "trigger":"minecraft:placed_block",
		   "conditions":{
			  "block":"minecraft:stained_glass",
				"state" : {
					"color":"white"
				}
		   }
		},
		"place_orange_stained_glass":{
		   "trigger":"minecraft:placed_block",
		   "conditions":{
			  "block":"minecraft:stained_glass",
				"state" : {
					"color":"orange"
				}
		   }
		},
		"place_magenta_stained_glass":{
		   "trigger":"minecraft:placed_block",
		   "conditions":{
			  "block":"minecraft:stained_glass",
				"state" : {
					"color":"magenta"
				}
		   }
		},
		"place_light_blue_stained_glass":{
		   "trigger":"minecraft:placed_block",
		   "conditions":{
			  "block":"minecraft:stained_glass",
				"state" : {
					"color":"light_blue"
				}
		   }
		},
		"place_yellow_stained_glass":{
		   "trigger":"minecraft:placed_block",
		   "conditions":{
			  "block":"minecraft:stained_glass",
				"state" : {
					"color":"yellow"
				}
		   }
		},
		"place_lime_stained_glass":{
		   "trigger":"minecraft:placed_block",
		   "conditions":{
			  "block":"minecraft:stained_glass",
				"state" : {
					"color":"lime"
				}
		   }
		},
		"place_pink_stained_glass":{
		   "trigger":"minecraft:placed_block",
		   "conditions":{
			  "block":"minecraft:stained_glass",
				"state" : {
					"color":"pink"
				}
		   }
		},
		"place_gray_stained_glass":{
		   "trigger":"minecraft:placed_block",
		   "conditions":{
			  "block":"minecraft:stained_glass",
				"state" : {
					"color":"gray"
				}
		   }
		},
		"place_silver_stained_glass":{
		   "trigger":"minecraft:placed_block",
		   "conditions":{
			  "block":"minecraft:stained_glass",
				"state" : {
					"color":"silver"
				}
		   }
		},
		"place_cyan_stained_glass":{
		   "trigger":"minecraft:placed_block",
		   "conditions":{
			  "block":"minecraft:stained_glass",
				"state" : {
					"color":"cyan"
				}
		   }
		},
		"place_purple_stained_glass":{
		   "trigger":"minecraft:placed_block",
		   "conditions":{
			  "block":"minecraft:stained_glass",
				"state" : {
					"color":"purple"
				}
		   }
		},
		"place_blue_stained_glass":{
		   "trigger":"minecraft:placed_block",
		   "conditions":{
			  "block":"minecraft:stained_glass",
				"state" : {
					"color":"blue"
				}
		   }
		},
		"place_brown_stained_glass":{
		   "trigger":"minecraft:placed_block",
		   "conditions":{
			  "block":"minecraft:stained_glass",
				"state" : {
					"color":"brown"
				}
		   }
		},
		"place_green_stained_glass":{
		   "trigger":"minecraft:placed_block",
		   "conditions":{
			  "block":"minecraft:stained_glass",
				"state" : {
					"color":"green"
				}
		   }
		},
		"place_red_stained_glass":{
		   "trigger":"minecraft:placed_block",
		   "conditions":{
			  "block":"minecraft:stained_glass",
				"state" : {
					"color":"red"
				}
		   }
		},
		"place_black_stained_glass":{
		   "trigger":"minecraft:placed_block",
		   "conditions":{
			  "block":"minecraft:stained_glass",
				"state" : {
					"color":"black"
				}
		   }
		},
		"place_white_stained_glass_pane":{
		   "trigger":"minecraft:placed_block",
		   "conditions":{
			  "block":"minecraft:stained_glass_pane",
				"state" : {
					"color":"white"
				}
		   }
		},
		"place_orange_stained_glass_pane":{
		   "trigger":"minecraft:placed_block",
		   "conditions":{
			  "block":"minecraft:stained_glass_pane",
				"state" : {
					"color":"orange"
				}
		   }
		},
		"place_magenta_stained_glass_pane":{
		   "trigger":"minecraft:placed_block",
		   "conditions":{
			  "block":"minecraft:stained_glass_pane",
				"state" : {
					"color":"magenta"
				}
		   }
		},
		"place_light_blue_stained_glass_pane":{
		   "trigger":"minecraft:placed_block",
		   "conditions":{
			  "block":"minecraft:stained_glass_pane",
				"state" : {
					"color":"light_blue"
				}
		   }
		},
		"place_yellow_stained_glass_pane":{
		   "trigger":"minecraft:placed_block",
		   "conditions":{
			  "block":"minecraft:stained_glass_pane",
				"state" : {
					"color":"yellow"
				}
		   }
		},
		"place_lime_stained_glass_pane":{
		   "trigger":"minecraft:placed_block",
		   "conditions":{
			  "block":"minecraft:stained_glass_pane",
				"state" : {
					"color":"lime"
				}
		   }
		},
		"place_pink_stained_glass_pane":{
		   "trigger":"minecraft:placed_block",
		   "conditions":{
			  "block":"minecraft:stained_glass_pane",
				"state" : {
					"color":"pink"
				}
		   }
		},
		"place_gray_stained_glass_pane":{
		   "trigger":"minecraft:placed_block",
		   "conditions":{
			  "block":"minecraft:stained_glass_pane",
				"state" : {
					"color":"gray"
				}
		   }
		},
		"place_silver_stained_glass_pane":{
		   "trigger":"minecraft:placed_block",
		   "conditions":{
			  "block":"minecraft:stained_glass_pane",
				"state" : {
					"color":"silver"
				}
		   }
		},
		"place_cyan_stained_glass_pane":{
		   "trigger":"minecraft:placed_block",
		   "conditions":{
			  "block":"minecraft:stained_glass_pane",
				"state" : {
					"color":"cyan"
				}
		   }
		},
		"place_purple_stained_glass_pane":{
		   "trigger":"minecraft:placed_block",
		   "conditions":{
			  "block":"minecraft:stained_glass_pane",
				"state" : {
					"color":"purple"
				}
		   }
		},
		"place_blue_stained_glass_pane":{
		   "trigger":"minecraft:placed_block",
		   "conditions":{
			  "block":"minecraft:stained_glass_pane",
				"state" : {
					"color":"blue"
				}
		   }
		},
		"place_brown_stained_glass_pane":{
		   "trigger":"minecraft:placed_block",
		   "conditions":{
			  "block":"minecraft:stained_glass_pane",
				"state" : {
					"color":"brown"
				}
		   }
		},
		"place_green_stained_glass_pane":{
		   "trigger":"minecraft:placed_block",
		   "conditions":{
			  "block":"minecraft:stained_glass_pane",
				"state" : {
					"color":"green"
				}
		   }
		},
		"place_red_stained_glass_pane":{
		   "trigger":"minecraft:placed_block",
		   "conditions":{
			  "block":"minecraft:stained_glass_pane",
				"state" : {
					"color":"red"
				}
		   }
		},
		"place_black_stained_glass_pane":{
		   "trigger":"minecraft:placed_block",
		   "conditions":{
			  "block":"minecraft:stained_glass_pane",
				"state" : {
					"color":"black"
				}
		   }
		},
		"place_prismarine":{
		   "trigger":"minecraft:placed_block",
		   "conditions":{
			  "block":"minecraft:prismarine",
				"state" : {
					"variant":"prismarine"
				}
		   }
		},
		"place_prismarine_bricks":{
		   "trigger":"minecraft:placed_block",
		   "conditions":{
			  "block":"minecraft:prismarine",
				"state" : {
					"variant":"prismarine_bricks"
				}
		   }
		},
		"place_dark_prismarine":{
		   "trigger":"minecraft:placed_block",
		   "conditions":{
			  "block":"minecraft:prismarine",
				"state" : {
					"variant":"dark_prismarine"
				}
		   }
		},
		"place_sea_lantern":{
		   "trigger":"minecraft:placed_block",
		   "conditions":{
			  "block":"minecraft:sea_lantern"
		   }
		},
		"place_white_standing_banner":{
		   "trigger":"minecraft:placed_block",
		   "conditions":{
			  "block":"standing_banner",
			  "item":{
				"item":"minecraft:banner",
				"data":15
			  }
		   }
		},
		"place_white_wall_banner":{
		   "trigger":"minecraft:placed_block",
		   "conditions":{
			  "block":"minecraft:wall_banner",
			  "item": {
				"item":"minecraft:banner",
				"data":15
			  }
		   }
		},
		"place_orange_standing_banner":{
		   "trigger":"minecraft:placed_block",
		   "conditions":{
			  "block":"standing_banner",
			  "item":{
				"item":"minecraft:banner",
				"data":14
			  }
		   }
		},
		"place_orange_wall_banner":{
		   "trigger":"minecraft:placed_block",
		   "conditions":{
			  "block":"minecraft:wall_banner",
			  "item": {
				"item":"minecraft:banner",
				"data":14
			  }
		   }
		},
		"place_magenta_standing_banner":{
		   "trigger":"minecraft:placed_block",
		   "conditions":{
			  "block":"standing_banner",
			  "item":{
				"item":"minecraft:banner",
				"data":13
			  }
		   }
		},
		"place_magenta_wall_banner":{
		   "trigger":"minecraft:placed_block",
		   "conditions":{
			  "block":"minecraft:wall_banner",
			  "item": {
				"item":"minecraft:banner",
				"data":13
			  }
		   }
		},
		"place_light_blue_standing_banner":{
		   "trigger":"minecraft:placed_block",
		   "conditions":{
			  "block":"standing_banner",
			  "item":{
				"item":"minecraft:banner",
				"data":12
			  }
		   }
		},
		"place_light_blue_wall_banner":{
		   "trigger":"minecraft:placed_block",
		   "conditions":{
			  "block":"minecraft:wall_banner",
			  "item": {
				"item":"minecraft:banner",
				"data":12
			  }
		   }
		},
		"place_yellow_standing_banner":{
		   "trigger":"minecraft:placed_block",
		   "conditions":{
			  "block":"standing_banner",
			  "item":{
				"item":"minecraft:banner",
				"data":11
			  }
		   }
		},
		"place_yellow_wall_banner":{
		   "trigger":"minecraft:placed_block",
		   "conditions":{
			  "block":"minecraft:wall_banner",
			  "item": {
				"item":"minecraft:banner",
				"data":11
			  }
		   }
		},
		"place_lime_standing_banner":{
		   "trigger":"minecraft:placed_block",
		   "conditions":{
			  "block":"standing_banner",
			  "item":{
				"item":"minecraft:banner",
				"data":10
			  }
		   }
		},
		"place_lime_wall_banner":{
		   "trigger":"minecraft:placed_block",
		   "conditions":{
			  "block":"minecraft:wall_banner",
			  "item": {
				"item":"minecraft:banner",
				"data":10
			  }
		   }
		},
		"place_pink_standing_banner":{
		   "trigger":"minecraft:placed_block",
		   "conditions":{
			  "block":"standing_banner",
			  "item":{
				"item":"minecraft:banner",
				"data":9
			  }
		   }
		},
		"place_pink_wall_banner":{
		   "trigger":"minecraft:placed_block",
		   "conditions":{
			  "block":"minecraft:wall_banner",
			  "item": {
				"item":"minecraft:banner",
				"data":9
			  }
		   }
		},
		"place_gray_standing_banner":{
		   "trigger":"minecraft:placed_block",
		   "conditions":{
			  "block":"standing_banner",
			  "item":{
				"item":"minecraft:banner",
				"data":8
			  }
		   }
		},
		"place_gray_wall_banner":{
		   "trigger":"minecraft:placed_block",
		   "conditions":{
			  "block":"minecraft:wall_banner",
			  "item": {
				"item":"minecraft:banner",
				"data":8
			  }
		   }
		},
		"place_silver_standing_banner":{
		   "trigger":"minecraft:placed_block",
		   "conditions":{
			  "block":"standing_banner",
			  "item":{
				"item":"minecraft:banner",
				"data":7
			  }
		   }
		},
		"place_silver_wall_banner":{
		   "trigger":"minecraft:placed_block",
		   "conditions":{
			  "block":"minecraft:wall_banner",
			  "item": {
				"item":"minecraft:banner",
				"data":7
			  }
		   }
		},
		"place_cyan_standing_banner":{
		   "trigger":"minecraft:placed_block",
		   "conditions":{
			  "block":"standing_banner",
			  "item":{
				"item":"minecraft:banner",
				"data":6
			  }
		   }
		},
		"place_cyan_wall_banner":{
		   "trigger":"minecraft:placed_block",
		   "conditions":{
			  "block":"minecraft:wall_banner",
			  "item": {
				"item":"minecraft:banner",
				"data":6
			  }
		   }
		},
		"place_purple_standing_banner":{
		   "trigger":"minecraft:placed_block",
		   "conditions":{
			  "block":"standing_banner",
			  "item":{
				"item":"minecraft:banner",
				"data":5
			  }
		   }
		},
		"place_purple_wall_banner":{
		   "trigger":"minecraft:placed_block",
		   "conditions":{
			  "block":"minecraft:wall_banner",
			  "item": {
				"item":"minecraft:banner",
				"data":5
			  }
		   }
		},
		"place_blue_standing_banner":{
		   "trigger":"minecraft:placed_block",
		   "conditions":{
			  "block":"standing_banner",
			  "item":{
				"item":"minecraft:banner",
				"data":4
			  }
		   }
		},
		"place_blue_wall_banner":{
		   "trigger":"minecraft:placed_block",
		   "conditions":{
			  "block":"minecraft:wall_banner",
			  "item": {
				"item":"minecraft:banner",
				"data":4
			  }
		   }
		},
		"place_brow_standing_banner":{
		   "trigger":"minecraft:placed_block",
		   "conditions":{
			  "block":"standing_banner",
			  "item":{
				"item":"minecraft:banner",
				"data":3
			  }
		   }
		},
		"place_brown_wall_banner":{
		   "trigger":"minecraft:placed_block",
		   "conditions":{
			  "block":"minecraft:wall_banner",
			  "item": {
				"item":"minecraft:banner",
				"data":3
			  }
		   }
		},
		"place_green_standing_banner":{
		   "trigger":"minecraft:placed_block",
		   "conditions":{
			  "block":"standing_banner",
			  "item":{
				"item":"minecraft:banner",
				"data":2
			  }
		   }
		},
		"place_green_wall_banner":{
		   "trigger":"minecraft:placed_block",
		   "conditions":{
			  "block":"minecraft:wall_banner",
			  "item": {
				"item":"minecraft:banner",
				"data":2
			  }
		   }
		},
		"place_red_standing_banner":{
		   "trigger":"minecraft:placed_block",
		   "conditions":{
			  "block":"standing_banner",
			  "item":{
				"item":"minecraft:banner",
				"data":1
			  }
		   }
		},
		"place_red_wall_banner":{
		   "trigger":"minecraft:placed_block",
		   "conditions":{
			  "block":"minecraft:wall_banner",
			  "item": {
				"item":"minecraft:banner",
				"data":1
			  }
		   }
		},
		"place_black_standing_banner":{
		   "trigger":"minecraft:placed_block",
		   "conditions":{
			  "block":"standing_banner",
			  "item":{
				"item":"minecraft:banner",
				"data":0
			  }
		   }
		},
		"place_black_wall_banner":{
		   "trigger":"minecraft:placed_block",
		   "conditions":{
			  "block":"minecraft:wall_banner",
			  "item": {
				"item":"minecraft:banner",
				"data":0
			  }
		   }
		},
		"place_red_sandstone":{
		   "trigger":"minecraft:placed_block",
		   "conditions":{
			  "block":"minecraft:red_sandstone",
				"state" : {
					"type":"red_sandstone"
				}
		   }
		},
		"place_chiseled_red_sandstone":{
		   "trigger":"minecraft:placed_block",
		   "conditions":{
			  "block":"minecraft:red_sandstone",
				"state" : {
					"type":"chiseled_red_sandstone"
				}
		   }
		},
		"place_smooth_red_sandstone":{
		   "trigger":"minecraft:placed_block",
		   "conditions":{
			  "block":"minecraft:red_sandstone",
				"state" : {
					"type":"smooth_red_sandstone"
				}
		   }
		},
		"place_red_sandstone_stairs":{
		   "trigger":"minecraft:placed_block",
		   "conditions":{
			  "block":"minecraft:red_sandstone_stairs"
		   }
		},
		"place_double_stone_slab2":{
		   "trigger":"minecraft:placed_block",
		   "conditions":{
			  "block":"minecraft:double_stone_slab2"
		   }
		},
		"place_stone_slab2":{
		   "trigger":"minecraft:placed_block",
		   "conditions":{
			  "block":"minecraft:stone_slab2"
		   }
		},
		"place_end_rod":{
		   "trigger":"minecraft:placed_block",
		   "conditions":{
			  "block":"minecraft:end_rod"
		   }
		},
		"place_chorus_flower":{
		   "trigger":"minecraft:placed_block",
		   "conditions":{
			  "block":"minecraft:chorus_flower"
		   }
		},
		"place_purpur_block":{
		   "trigger":"minecraft:placed_block",
		   "conditions":{
			  "block":"minecraft:purpur_block"
		   }
		},
		"place_purpur_pillar":{
		   "trigger":"minecraft:placed_block",
		   "conditions":{
			  "block":"minecraft:purpur_pillar"
		   }
		},
		"place_purpur_stairs":{
		   "trigger":"minecraft:placed_block",
		   "conditions":{
			  "block":"minecraft:purpur_stairs"
		   }
		},
		"place_purpur_double_slab":{
		   "trigger":"minecraft:placed_block",
		   "conditions":{
			  "block":"minecraft:purpur_double_slab"
		   }
		},
		"place_purpur_slab":{
		   "trigger":"minecraft:placed_block",
		   "conditions":{
			  "block":"minecraft:purpur_slab"
		   }
		},
		"place_end_bricks":{
		   "trigger":"minecraft:placed_block",
		   "conditions":{
			  "block":"minecraft:end_bricks"
		   }
		},
		"place_beetroots":{
		   "trigger":"minecraft:placed_block",
		   "conditions":{
			  "block":"minecraft:beetroots"
		   }
		},
		"place_magma":{
		   "trigger":"minecraft:placed_block",
		   "conditions":{
			  "block":"minecraft:magma"
		   }
		},
		"place_nether_wart_block":{
		   "trigger":"minecraft:placed_block",
		   "conditions":{
			  "block":"minecraft:nether_wart_block"
		   }
		},
		"place_red_nether_brick":{
		   "trigger":"minecraft:placed_block",
		   "conditions":{
			  "block":"minecraft:red_nether_brick"
		   }
		},
		"place_bone_block":{
		   "trigger":"minecraft:placed_block",
		   "conditions":{
			  "block":"minecraft:bone_block"
		   }
		},
		"place_white_concrete":{
		   "trigger":"minecraft:placed_block",
		   "conditions":{
			  "block":"minecraft:concrete",
				"state" : {
					"color":"white"
				}
		   }
		},
		"place_orange_concrete":{
		   "trigger":"minecraft:placed_block",
		   "conditions":{
			  "block":"minecraft:concrete",
				"state" : {
					"color":"orange"
				}
		   }
		},
		"place_magenta_concrete":{
		   "trigger":"minecraft:placed_block",
		   "conditions":{
			  "block":"minecraft:concrete",
				"state" : {
					"color":"magenta"
				}
		   }
		},
		"place_light_blue_concrete":{
		   "trigger":"minecraft:placed_block",
		   "conditions":{
			  "block":"minecraft:concrete",
				"state" : {
					"color":"light_blue"
				}
		   }
		},
		"place_yellow_concrete":{
		   "trigger":"minecraft:placed_block",
		   "conditions":{
			  "block":"minecraft:concrete",
				"state" : {
					"color":"yellow"
				}
		   }
		},
		"place_lime_concrete":{
		   "trigger":"minecraft:placed_block",
		   "conditions":{
			  "block":"minecraft:concrete",
				"state" : {
					"color":"lime"
				}
		   }
		},
		"place_pink_concrete":{
		   "trigger":"minecraft:placed_block",
		   "conditions":{
			  "block":"minecraft:concrete",
				"state" : {
					"color":"pink"
				}
		   }
		},
		"place_gray_concrete":{
		   "trigger":"minecraft:placed_block",
		   "conditions":{
			  "block":"minecraft:concrete",
				"state" : {
					"color":"gray"
				}
		   }
		},
		"place_silver_concrete":{
		   "trigger":"minecraft:placed_block",
		   "conditions":{
			  "block":"minecraft:concrete",
				"state" : {
					"color":"silver"
				}
		   }
		},
		"place_cyan_concrete":{
		   "trigger":"minecraft:placed_block",
		   "conditions":{
			  "block":"minecraft:concrete",
				"state" : {
					"color":"cyan"
				}
		   }
		},
		"place_purple_concrete":{
		   "trigger":"minecraft:placed_block",
		   "conditions":{
			  "block":"minecraft:concrete",
				"state" : {
					"color":"purple"
				}
		   }
		},
		"place_blue_concrete":{
		   "trigger":"minecraft:placed_block",
		   "conditions":{
			  "block":"minecraft:concrete",
				"state" : {
					"color":"blue"
				}
		   }
		},
		"place_brown_concrete":{
		   "trigger":"minecraft:placed_block",
		   "conditions":{
			  "block":"minecraft:concrete",
				"state" : {
					"color":"brown"
				}
		   }
		},
		"place_green_concrete":{
		   "trigger":"minecraft:placed_block",
		   "conditions":{
			  "block":"minecraft:concrete",
				"state" : {
					"color":"green"
				}
		   }
		},
		"place_red_concrete":{
		   "trigger":"minecraft:placed_block",
		   "conditions":{
			  "block":"minecraft:concrete",
				"state" : {
					"color":"red"
				}
		   }
		},
		"place_black_concrete":{
		   "trigger":"minecraft:placed_block",
		   "conditions":{
			  "block":"minecraft:concrete",
				"state" : {
					"color":"black"
				}
		   }
		},
		"place_white_concrete_powder":{
		   "trigger":"minecraft:placed_block",
		   "conditions":{
			  "block":"minecraft:concrete_powder",
				"state" : {
					"color":"white"
				}
		   }
		},
		"place_orange_concrete_powder":{
		   "trigger":"minecraft:placed_block",
		   "conditions":{
			  "block":"minecraft:concrete_powder",
				"state" : {
					"color":"orange"
				}
		   }
		},
		"place_magenta_concrete_powder":{
		   "trigger":"minecraft:placed_block",
		   "conditions":{
			  "block":"minecraft:concrete_powder",
				"state" : {
					"color":"magenta"
				}
		   }
		},
		"place_light_blue_concrete_powder":{
		   "trigger":"minecraft:placed_block",
		   "conditions":{
			  "block":"minecraft:concrete_powder",
				"state" : {
					"color":"light_blue"
				}
		   }
		},
		"place_yellow_concrete_powder":{
		   "trigger":"minecraft:placed_block",
		   "conditions":{
			  "block":"minecraft:concrete_powder",
				"state" : {
					"color":"yellow"
				}
		   }
		},
		"place_lime_concrete_powder":{
		   "trigger":"minecraft:placed_block",
		   "conditions":{
			  "block":"minecraft:concrete_powder",
				"state" : {
					"color":"lime"
				}
		   }
		},
		"place_pink_concrete_powder":{
		   "trigger":"minecraft:placed_block",
		   "conditions":{
			  "block":"minecraft:concrete_powder",
				"state" : {
					"color":"pink"
				}
		   }
		},
		"place_gray_concrete_powder":{
		   "trigger":"minecraft:placed_block",
		   "conditions":{
			  "block":"minecraft:concrete_powder",
				"state" : {
					"color":"gray"
				}
		   }
		},
		"place_silver_concrete_powder":{
		   "trigger":"minecraft:placed_block",
		   "conditions":{
			  "block":"minecraft:concrete_powder",
				"state" : {
					"color":"silver"
				}
		   }
		},
		"place_cyan_concrete_powder":{
		   "trigger":"minecraft:placed_block",
		   "conditions":{
			  "block":"minecraft:concrete_powder",
				"state" : {
					"color":"cyan"
				}
		   }
		},
		"place_purple_concrete_powder":{
		   "trigger":"minecraft:placed_block",
		   "conditions":{
			  "block":"minecraft:concrete_powder",
				"state" : {
					"color":"purple"
				}
		   }
		},
		"place_blue_concrete_powder":{
		   "trigger":"minecraft:placed_block",
		   "conditions":{
			  "block":"minecraft:concrete_powder",
				"state" : {
					"color":"blue"
				}
		   }
		},
		"place_brown_concrete_powder":{
		   "trigger":"minecraft:placed_block",
		   "conditions":{
			  "block":"minecraft:concrete_powder",
				"state" : {
					"color":"brown"
				}
		   }
		},
		"place_green_concrete_powder":{
		   "trigger":"minecraft:placed_block",
		   "conditions":{
			  "block":"minecraft:concrete_powder",
				"state" : {
					"color":"green"
				}
		   }
		},
		"place_red_concrete_powder":{
		   "trigger":"minecraft:placed_block",
		   "conditions":{
			  "block":"minecraft:concrete_powder",
				"state" : {
					"color":"red"
				}
		   }
		},
		"place_black_concrete_powder":{
		   "trigger":"minecraft:placed_block",
		   "conditions":{
			  "block":"minecraft:concrete_powder",
				"state" : {
					"color":"black"
				}
		   }
		},
		"place_white_glazed_terracotta":{
		   "trigger":"minecraft:placed_block",
		   "conditions":{
			  "block":"minecraft:white_glazed_terracotta"
		   }
		},
		"place_orange_glazed_terracotta":{
		   "trigger":"minecraft:placed_block",
		   "conditions":{
			  "block":"minecraft:orange_glazed_terracotta"
		   }
		},
		"place_magenta_glazed_terracotta":{
		   "trigger":"minecraft:placed_block",
		   "conditions":{
			  "block":"minecraft:magenta_glazed_terracotta"
		   }
		},
		"place_light_blue_glazed_terracotta":{
		   "trigger":"minecraft:placed_block",
		   "conditions":{
			  "block":"minecraft:light_blue_glazed_terracotta"
		   }
		},
		"place_yellow_glazed_terracotta":{
		   "trigger":"minecraft:placed_block",
		   "conditions":{
			  "block":"minecraft:yellow_glazed_terracotta"
		   }
		},
		"place_lime_glazed_terracotta":{
		   "trigger":"minecraft:placed_block",
		   "conditions":{
			  "block":"minecraft:lime_glazed_terracotta"
		   }
		},
		"place_pink_glazed_terracotta":{
		   "trigger":"minecraft:placed_block",
		   "conditions":{
			  "block":"minecraft:pink_glazed_terracotta"
		   }
		},
		"place_gray_glazed_terracotta":{
		   "trigger":"minecraft:placed_block",
		   "conditions":{
			  "block":"minecraft:gray_glazed_terracotta"
		   }
		},
		"place_silver_glazed_terracotta":{
		   "trigger":"minecraft:placed_block",
		   "conditions":{
			  "block":"minecraft:silver_glazed_terracotta"
		   }
		},
		"place_cyan_glazed_terracotta":{
		   "trigger":"minecraft:placed_block",
		   "conditions":{
			  "block":"minecraft:cyan_glazed_terracotta"
		   }
		},
		"place_purple_glazed_terracotta":{
		   "trigger":"minecraft:placed_block",
		   "conditions":{
			  "block":"minecraft:purple_glazed_terracotta"
		   }
		},
		"place_blue_glazed_terracotta":{
		   "trigger":"minecraft:placed_block",
		   "conditions":{
			  "block":"minecraft:blue_glazed_terracotta"
		   }
		},
		"place_brown_glazed_terracotta":{
		   "trigger":"minecraft:placed_block",
		   "conditions":{
			  "block":"minecraft:brown_glazed_terracotta"
		   }
		},
		"place_green_glazed_terracotta":{
		   "trigger":"minecraft:placed_block",
		   "conditions":{
			  "block":"minecraft:green_glazed_terracotta"
		   }
		},
		"place_red_glazed_terracotta":{
		   "trigger":"minecraft:placed_block",
		   "conditions":{
			  "block":"minecraft:red_glazed_terracotta"
		   }
		},
		"place_black_glazed_terracotta":{
		   "trigger":"minecraft:placed_block",
		   "conditions":{
			  "block":"minecraft:black_glazed_terracotta"
		   }
	   }
	},
	"rewards": {
		"function":"PixelCraft:Things_And_Stuff"
	}
}