 {
	"display":{
		"icon": {
            "item": "minecraft:chorus_fruit"
        },
        "title": {
            "text": "Chorus Fruit"
        },
        "description": ["",{"text":"Chorus Fruit Farming"},{"text":"\nIruka77","color":"dark_gray","italic":true}],
		"frame": "task"
	},
	"parent":"PixelCraft:Iruka77/NetherWartFarm",
	"criteria":{
		"die1": {
               "trigger": "minecraft:impossible"
           }
       }
   },
	"rewards": {
		"function":"PixelCraft:You_Did_It"
	}
}
