 {
	"display":{
		"icon": {
            "item": "minecraft:diamond_axe"
        },
        "title": {
            "text": "Let Me Axe You Something"
        },
        "description": ["",{"text":"This Is The Axe Of The Gods"},{"text":"\nSkyPixels21","color":"dark_gray","italic":true}],
		"frame": "task"
	},
	"parent":"PixelCraft:SkyPixels21/Boots",
	"criteria":{
		"die1": {
               "trigger": "minecraft:impossible"
           }
       }
   },
	"rewards": {
		"function":"PixelCraft:You_Did_It"
	}
}
