 {
	"display":{
		"icon": {
            "item": "minecraft:bow"
        },
        "title": {
            "text": "Get Shot"
        },
        "description": ["",{"text":"The Bow Of Bowness"},{"text":"\nSkyPixels21","color":"dark_gray","italic":true}],
		"frame": "task"
	},
	"parent":"PixelCraft:SkyPixels21/Shield",
	"criteria":{
		"die1": {
               "trigger": "minecraft:impossible"
           }
       }
   },
	"rewards": {
		"function":"PixelCraft:You_Did_It"
	}
}
